{
    "animateColor": true,
    "bpm": 150.0,
    "colorLeft": [
        0.21481037139892578,
        0.04542333260178566,
        0.9029685258865356
    ],
    "colorRight": [
        0.030730552971363068,
        0.573523759841919,
        0.673788845539093
    ],
    "colorTop": [
        0.5555154085159302,
        0.3786088526248932,
        0.5522163510322571
    ],
    "customFps": 60,
    "fpsMode": 0,
    "fractalDepth": 3.0,
    "fractalMode": false,
    "groupAngleCenter": 2.339545488357544,
    "groupAngleLeft": 4.784675598144531,
    "groupAngleRight": 0.08553418517112732,
    "groupSeparation": 0.4755694568157196,
    "numCenter": 1,
    "numLeft": 1,
    "numRight": 1,
    "onlyRGB": false,
    "randomAffect": {
        "angle": true,
        "colorLeft": true,
        "colorRight": true,
        "colorTop": true,
        "groupAngle": true,
        "nSegments": true,
        "numCenter": false,
        "numLeft": false,
        "numRight": false,
        "rotationSpeed": true,
        "scaleX": true,
        "scaleY": true,
        "shapeType": true,
        "translateX": true,
        "translateY": true,
        "triSize": true
    },
    "randomLimits": {
        "colorMax": 1.0,
        "colorMin": 0.0,
        "numCenterMax": 100,
        "numCenterMin": 0,
        "numLeftMax": 100,
        "numLeftMin": 0,
        "numRightMax": 100,
        "numRightMin": 0,
        "segMax": 256,
        "segMin": 3,
        "shapeMax": 4,
        "shapeMin": 0,
        "sizeMax": 5.0,
        "sizeMin": 0.05000000074505806,
        "speedMax": 2000.0,
        "speedMin": 5.0,
        "sxMax": 5.0,
        "sxMin": 0.05000000074505806,
        "syMax": 5.0,
        "syMin": 0.05000000074505806,
        "txMax": 2.0,
        "txMin": -2.0,
        "tyMax": 2.0,
        "tyMin": -2.0
    },
    "randomize": true,
    "rotationSpeed": 789.5170288085938,
    "scaleX": 3.916027069091797,
    "scaleY": 2.76104998588562,
    "shapeType": 3,
    "translateX": 1.6191723346710205,
    "translateY": -1.8649709224700928,
    "triSize": 1.4799085855484009
}