{
    "animateColor": true,
    "bpm": 30.0,
    "colorLeft": [
        0.9413611888885498,
        0.30509153008461,
        0.23500292003154755
    ],
    "colorRight": [
        0.6847339868545532,
        0.0807657390832901,
        0.6491173505783081
    ],
    "colorTop": [
        0.6647970676422119,
        0.06380748003721237,
        0.7592531442642212
    ],
    "customFps": 60,
    "fpsMode": 1,
    "fractalDepth": 5.0,
    "fractalMode": true,
    "groupAngleCenter": 0.0,
    "groupAngleLeft": 0.0,
    "groupAngleRight": 0.0,
    "groupSeparation": 0.4135720133781433,
    "numCenter": 15,
    "numLeft": 26,
    "numRight": 10,
    "onlyRGB": false,
    "randomAffect": {
        "angle": false,
        "colorLeft": true,
        "colorRight": true,
        "colorTop": true,
        "groupAngle": false,
        "nSegments": false,
        "numCenter": true,
        "numLeft": true,
        "numRight": true,
        "rotationSpeed": true,
        "scaleX": false,
        "scaleY": false,
        "shapeType": true,
        "translateX": false,
        "translateY": false,
        "triSize": true
    },
    "randomLimits": {
        "colorMax": 1.0,
        "colorMin": 0.0,
        "numCenterMax": 30,
        "numCenterMin": 0,
        "numLeftMax": 30,
        "numLeftMin": 0,
        "numRightMax": 30,
        "numRightMin": 0,
        "segMax": 128,
        "segMin": 8,
        "shapeMax": 4,
        "shapeMin": 0,
        "sizeMax": 2.0,
        "sizeMin": 0.10000000149011612,
        "speedMax": 491.1000061035156,
        "speedMin": 10.0,
        "sxMax": 2.0,
        "sxMin": 0.10000000149011612,
        "syMax": 2.0,
        "syMin": 0.10000000149011612,
        "txMax": 1.0,
        "txMin": -1.0,
        "tyMax": 1.0,
        "tyMin": -1.0
    },
    "randomize": true,
    "rotationSpeed": 381.887939453125,
    "scaleX": 1.0,
    "scaleY": 1.0,
    "shapeType": 0,
    "translateX": 0.0,
    "translateY": 0.0,
    "triSize": 0.7204558253288269
}