{
    "colorLeft": [
        0.47156473994255066,
        0.4083488881587982,
        0.5859073400497437
    ],
    "colorRight": [
        0.4329471290111542,
        0.5396060347557068,
        0.49794214963912964
    ],
    "colorTop": [
        0.3960731625556946,
        0.4930747151374817,
        0.5057888627052307
    ],
    "groupAngleCenter": 3.8515167236328125,
    "groupAngleLeft": 4.79436731338501,
    "groupAngleRight": 0.3835386335849762,
    "numCenter": 27,
    "numLeft": 7,
    "numRight": 27,
    "randomAffect": {
        "angle": false,
        "colorLeft": true,
        "colorRight": true,
        "colorTop": true,
        "groupAngle": true,
        "nSegments": true,
        "numCenter": true,
        "numLeft": true,
        "numRight": true,
        "rotationSpeed": true,
        "scaleX": false,
        "scaleY": false,
        "shapeType": true,
        "translateX": false,
        "translateY": false,
        "triSize": true
    },
    "randomLimits": {
        "colorMax": 1.0,
        "colorMin": 0.0,
        "numCenterMax": 30,
        "numCenterMin": 0,
        "numLeftMax": 30,
        "numLeftMin": 0,
        "numRightMax": 30,
        "numRightMin": 0,
        "segMax": 128,
        "segMin": 8,
        "shapeMax": 3,
        "shapeMin": 0,
        "sizeMax": 0.7799999713897705,
        "sizeMin": 0.009999999776482582,
        "speedMax": 1016.7000122070313,
        "speedMin": 10.0,
        "sxMax": 2.0,
        "sxMin": 0.10000000149011612,
        "syMax": 2.0,
        "syMin": 0.10000000149011612,
        "txMax": 1.0,
        "txMin": -1.0,
        "tyMax": 1.0,
        "tyMin": -1.0
    },
    "randomize": true,
    "rotationSpeed": 521.1863403320313,
    "scaleX": 1.0,
    "scaleY": 1.0,
    "shapeType": 2,
    "translateX": 0.0,
    "translateY": 0.0,
    "triSize": 0.42566829919815063
}