{
    "animateColor": true,
    "bpm": 300.0,
    "colorLeft": [
        0.999802827835083,
        0.30477532744407654,
        0.1626814305782318
    ],
    "colorRight": [
        0.7818590402603149,
        0.007180303335189819,
        0.6283116936683655
    ],
    "colorTop": [
        0.8227952718734741,
        0.712877631187439,
        2.804398536682129e-05
    ],
    "customFps": 60,
    "fpsMode": 1,
    "fractalDepth": 5.0,
    "fractalMode": false,
    "groupAngleCenter": 2.719572067260742,
    "groupAngleLeft": 2.1450939178466797,
    "groupAngleRight": 4.720395088195801,
    "groupSeparation": 1.0431283712387085,
    "numCenter": 50,
    "numLeft": 50,
    "numRight": 50,
    "onlyRGB": false,
    "randomAffect": {
        "angle": true,
        "colorLeft": true,
        "colorRight": true,
        "colorTop": true,
        "groupAngle": true,
        "nSegments": true,
        "numCenter": true,
        "numLeft": true,
        "numRight": true,
        "rotationSpeed": true,
        "scaleX": true,
        "scaleY": true,
        "shapeType": true,
        "translateX": true,
        "translateY": true,
        "triSize": true
    },
    "randomLimits": {
        "colorMax": 1.0,
        "colorMin": 0.0,
        "numCenterMax": 49,
        "numCenterMin": 0,
        "numLeftMax": 50,
        "numLeftMin": 0,
        "numRightMax": 48,
        "numRightMin": 0,
        "segMax": 128,
        "segMin": 3,
        "shapeMax": 4,
        "shapeMin": 0,
        "sizeMax": 0.10000000149011612,
        "sizeMin": 0.05000000074505806,
        "speedMax": 114.5999984741211,
        "speedMin": 5.0,
        "sxMax": 5.0,
        "sxMin": 0.05000000074505806,
        "syMax": 5.0,
        "syMin": 0.10000000149011612,
        "txMax": -0.12999999523162842,
        "txMin": -1.0,
        "tyMax": 0.05000000074505806,
        "tyMin": -1.0
    },
    "randomize": false,
    "rotationSpeed": 119.37149047851563,
    "scaleX": 2.224442720413208,
    "scaleY": 3.8033101558685303,
    "shapeType": 4,
    "translateX": -0.6444012522697449,
    "translateY": -0.49299803376197815,
    "triSize": 3.9121463298797607
}