{
    "animateColor": true,
    "bpm": 151.1999969482422,
    "colorLeft": [
        0.2688339650630951,
        0.24166452884674072,
        0.9151723384857178
    ],
    "colorRight": [
        0.08045049756765366,
        0.6703981757164001,
        0.8592187166213989
    ],
    "colorTop": [
        0.9331899881362915,
        0.22449925541877747,
        0.08911187946796417
    ],
    "customFps": 60,
    "fpsMode": 1,
    "fractalDepth": 5.0,
    "fractalMode": false,
    "groupAngleCenter": 1.2403576374053955,
    "groupAngleLeft": 3.016688346862793,
    "groupAngleRight": 2.280715227127075,
    "groupSeparation": 1.9060429334640503,
    "numCenter": 55,
    "numLeft": 74,
    "numRight": 97,
    "onlyRGB": false,
    "randomAffect": {
        "angle": true,
        "colorLeft": true,
        "colorRight": true,
        "colorTop": true,
        "groupAngle": true,
        "nSegments": true,
        "numCenter": true,
        "numLeft": true,
        "numRight": true,
        "rotationSpeed": true,
        "scaleX": true,
        "scaleY": true,
        "shapeType": true,
        "translateX": true,
        "translateY": true,
        "triSize": true
    },
    "randomLimits": {
        "colorMax": 1.0,
        "colorMin": 0.0,
        "numCenterMax": 100,
        "numCenterMin": 0,
        "numLeftMax": 100,
        "numLeftMin": 0,
        "numRightMax": 100,
        "numRightMin": 0,
        "segMax": 256,
        "segMin": 3,
        "shapeMax": 4,
        "shapeMin": 0,
        "sizeMax": 5.0,
        "sizeMin": 0.05000000074505806,
        "speedMax": 2000.0,
        "speedMin": 5.0,
        "sxMax": 5.0,
        "sxMin": 0.05000000074505806,
        "syMax": 5.0,
        "syMin": 0.05000000074505806,
        "txMax": 2.0,
        "txMin": -2.0,
        "tyMax": 2.0,
        "tyMin": -2.0
    },
    "randomize": true,
    "rotationSpeed": 77.18014526367188,
    "scaleX": 1.8643492460250854,
    "scaleY": 4.015337944030762,
    "shapeType": 3,
    "translateX": 0.004719927906990051,
    "translateY": 0.860270619392395,
    "triSize": 4.03377628326416
}