{
    "animateColor": true,
    "bpm": 150.0,
    "colorLeft": [
        0.6876546144485474,
        0.8433218598365784,
        0.026600778102874756
    ],
    "colorRight": [
        0.9913698434829712,
        0.3796253800392151,
        0.1088172197341919
    ],
    "colorTop": [
        0.7691495418548584,
        0.38867026567459106,
        0.35777828097343445
    ],
    "customFps": 60,
    "fpsMode": 1,
    "fractalDepth": 3.0,
    "fractalMode": true,
    "groupAngleCenter": 125.66370391845703,
    "groupAngleLeft": 125.66370391845703,
    "groupAngleRight": 125.66370391845703,
    "groupSeparation": 0.34579530358314514,
    "numCenter": 68,
    "numLeft": 80,
    "numRight": 68,
    "onlyRGB": false,
    "randomAffect": {
        "angle": true,
        "colorLeft": true,
        "colorRight": true,
        "colorTop": true,
        "groupAngle": true,
        "nSegments": true,
        "numCenter": true,
        "numLeft": true,
        "numRight": true,
        "rotationSpeed": true,
        "scaleX": true,
        "scaleY": true,
        "shapeType": true,
        "translateX": true,
        "translateY": true,
        "triSize": true
    },
    "randomLimits": {
        "colorMax": 1.0,
        "colorMin": 0.0,
        "numCenterMax": 100,
        "numCenterMin": 0,
        "numLeftMax": 100,
        "numLeftMin": 0,
        "numRightMax": 100,
        "numRightMin": 0,
        "segMax": 256,
        "segMin": 3,
        "shapeMax": 4,
        "shapeMin": 0,
        "sizeMax": 5.0,
        "sizeMin": 0.05000000074505806,
        "speedMax": 2000.0,
        "speedMin": 5.0,
        "sxMax": 5.0,
        "sxMin": 0.05000000074505806,
        "syMax": 5.0,
        "syMin": 0.05000000074505806,
        "txMax": 2.0,
        "txMin": -2.0,
        "tyMax": 2.0,
        "tyMin": -2.0
    },
    "randomize": true,
    "rotationSpeed": 2000.0,
    "scaleX": 10.0,
    "scaleY": 10.0,
    "shapeType": 3,
    "translateX": 5.0,
    "translateY": 5.0,
    "triSize": 10.0
}