{
    "animateColor": false,
    "audioMasterMode": true,
    "audioTriangleBaseSize": 0.10000000149011612,
    "audioTriangleCount": 50,
    "audioTriangleIntensity": 0.30000001192092896,
    "audioTriangleMode": true,
    "bpm": 171.89999389648438,
    "colorLeft": [
        0.4406234622001648,
        0.09731519967317581,
        0.8921688795089722
    ],
    "colorRight": [
        0.05702052265405655,
        0.4843488335609436,
        0.948693037033081
    ],
    "colorTop": [
        0.11478668451309204,
        0.3809035122394562,
        0.9757857918739319
    ],
    "customFps": 60,
    "fpsMode": 1,
    "fractalDepth": 5.0,
    "fractalMode": true,
    "groupAngleCenter": 5.218531131744385,
    "groupAngleLeft": 2.5128841400146484,
    "groupAngleRight": 0.4804408848285675,
    "groupSeparation": 1.0672791004180908,
    "normalModeAudioIntensity": 1.0399999618530273,
    "normalModeAudioReactive": true,
    "numCenter": 38,
    "numLeft": 34,
    "numRight": 32,
    "onlyRGB": false,
    "randomAffect": {
        "angle": true,
        "colorLeft": true,
        "colorRight": true,
        "colorTop": true,
        "groupAngle": true,
        "nSegments": true,
        "numCenter": true,
        "numLeft": true,
        "numRight": true,
        "rotationSpeed": true,
        "scaleX": true,
        "scaleY": true,
        "shapeType": true,
        "translateX": true,
        "translateY": true,
        "triSize": true
    },
    "randomLimits": {
        "colorMax": 1.0,
        "colorMin": 0.0,
        "numCenterMax": 49,
        "numCenterMin": 0,
        "numLeftMax": 50,
        "numLeftMin": 0,
        "numRightMax": 48,
        "numRightMin": 0,
        "segMax": 128,
        "segMin": 3,
        "shapeMax": 4,
        "shapeMin": 0,
        "sizeMax": 0.10000000149011612,
        "sizeMin": 0.05000000074505806,
        "speedMax": 114.5999984741211,
        "speedMin": 5.0,
        "sxMax": 5.0,
        "sxMin": 0.05000000074505806,
        "syMax": 5.0,
        "syMin": 0.10000000149011612,
        "txMax": -0.12999999523162842,
        "txMin": -1.0,
        "tyMax": 0.05000000074505806,
        "tyMin": -1.0
    },
    "randomize": true,
    "rotationSpeed": 146.57125854492188,
    "scaleX": 3.317521333694458,
    "scaleY": 3.561169147491455,
    "shapeType": 2,
    "translateX": -0.32435712218284607,
    "translateY": -0.9140634536743164,
    "triSize": 8.18626880645752
}